Hùng,23,true,34,34,hung@gmail.com,1,Colleges,Servants,Servants,
An,43,true,32,32,an@gmail.com,2,University,Expert,Expert,
Kha,33,true,432,3243,kha@gmail.com,3,University,Expert,Expert,
Ngọc,26,false,3234,4352,ngoc@gmail.com,4,Colleges,Expert,Expert,
Uy,34,true,432,4324,uy@gmail.com,5,Colleges,Servants,Servants,
Khá,34,true,23,23,khas@gmail.com,6,Colleges,Servants,Servants,
Tâm,33,false,4402,4874,tam@gmail.com,7,University,Supervisor,Supervisor,
Long,40,true,4402,9874,long@gmail.com,8,null,Expert,Expert,
Nam,30,true,423,423,cuong@gmail.com,9,null,Expert,Expert,

